image,audio,order,title,description
I010,C010,1,《冨嶽三十六景》系列：《凱風快晴》,"1826年，葛飾北齋以富士山不同角度的樣貌為主題，創作了風景畫《冨嶽三十六景》，起初只按照標題名畫了36幅，後來因為這個系列太受歡迎，於是追加了十幅，全系列共46幅作品。本展品《凱風快晴》和另一幅《山下白雨》都相當知名，也因為顏色使用不同，被暱稱為「紅富士」與「黑富士」。

「凱風」一詞是取自中國《詩經》國風篇的《邶風．凱風》：「凱風自南，吹彼棘心。」整首詩描述孝子歌頌母親恩德，並自責盡孝不及親情之恩。「快晴」則意指晴朗的天氣或清明的晨空。在江戶時代，日本的文人雅士和出版界時常從中國古籍詩詞中撷取詞彙為創作命名，是當時頗為常見的文化現象。北齋本人的藝術養成過程中，也深受漢文化薰陶，他曾研習過中國傳統繪畫技巧，如：山水畫的筆法神韻，也曾為流傳到日本，後來翻譯發行的中國文學名著繪製插圖，例如：《水滸傳》、《西遊記》。
文學及藝術養成過程紮實，底藴深厚的葛飾北齋，會在作品名稱中結合藝術與文學，並不意外。

這套《冨嶽三十六景》，不僅在當時引起轟動，被譽為日本風景版畫的代表里程碑，同時作為能夠大批印刷出版的木版畫，世界各地的知名博物館都收藏有系列中的作品。例如：大英博物館、紐約大都會藝術博物館等，都可以看到《凱風快晴》這幅版畫，也因為有印製時期與顏料、工藝上的差異，所以即便是同一幅畫，也會有多種色彩版本，初版由葛飾北齋監製，使用昂貴顏料和複雜技巧，呈現晨曦紅富士的細膩色調，加上早期年代印刷的色料比較黯淡，所以富士山並非現在看到的鮮紅色，而是帶著棕色調感，俗稱「粉富士」，後期時代技術和染料演變，變成為比較鮮紅明亮的「紅富士」，除了顏色以外，因為反覆印刷的關係，版木也會有所磨損，即便翻刻修復，也會有細微木紋上的差異，這也是我們現代看到多種「浮世繪」版本的有趣之處。

不論哪一種版本，都不減損日本浮世繪對於藝術的重要影響和世人的喜愛。"
I012,C012,2,《歌撰戀之部》系列－ 《物思戀》,"日本古典和歌是日本文學中重要的形式之一，通常會依詩歌主題將內容分類，例如：描寫自然時令的「四季歌」、祝賀用的「賀歌」、送別用的「離別歌」、男女戀愛情事的「戀歌」。其中篇幅最多，也佔極重要地位的就是戀歌。

喜多川歌麿於寬政年間創作的浮世繪系列《歌撰戀之部》便是模仿了和歌分部的命名，江戶時代的書籍、藝術家與出版商們，時常以古典詩歌、故事名著為靈感，來命名通俗創作，賦予作品高雅意涵或諧趣效果，《歌撰戀之部》透過標題將平民趣味的浮世繪和崇高傳統的和歌世界聯結起來，使欣賞者在美人畫之餘，亦能領會到內含典故的文學底蘊。

當時喜多川麿在江戶時期的知名出版商蔦屋重三郎的贊助下專注創作美人畫，他們兩位可說是藝文界最佳搭檔，兩人經常與當時的文學作家們合作，由喜多川歌麿插畫，蔦屋重三郎負責出版企劃和商業經營，以詩歌、戲作搭配優雅風流的圖畫，加上嶄新的印刷技術，使用精湛雕工和高級顏料，例如：會讓畫面有纖細閃亮效果的雲母粉，在這樣相輔相成的運作下，浮世繪作品兼具詩情畫意，更加吸引文化人與民眾們閱讀流傳，文學家、藝術家和出版商，共同打造出雅俗共賞的浮世繪，也使美人畫成為浮世繪主流巔峰之一。"
I015,C015,3,《冨嶽三十六景》系列－《神奈川沖浪裏》,"創作於1830年間的《神奈川沖浪裏》是一幅橫式畫作，初版寬約37.9公分，高約25.7公分，原版裡的署名也不是葛飾北齋，而是「北齋改為一筆」，喜歡改名的葛飾北齋，在創作《冨嶽三十六景》系列時，也先後改了幾次筆名，瀟灑個性在作品署名便可窺見一斑。

創作這幅舉世聞名的《神奈川沖浪裏》時，北齋正逢七十大關，此時的他人生境遇可謂坎坷谷底，妻子過世、孫兒好賭、家道中落，年老患病，最後和因離婚而返家的女兒遷居寺廟，勉強度日，這段期間的北齋，不論在家庭、經濟、身體健康都不順遂，但也正是在這樣拮据的境況下，他更揮灑畫筆，創作出展新的里程碑，畫面中引人注目的大面積藍色運用。便是採用了當時從歐洲新傳入的顏料「普魯士藍」，這種顏料色彩鮮明且耐久，不易褪色，讓浮世繪能表現前所未有的鮮明藍調，甚至出現以藍色為主調的「藍摺繪」風潮。北齋大膽疊印深淺不同的藍色，加強了浪峰的量感和立體感，使畫面更具視覺衝擊力。

年邁的葛飾北齋在創作環境及人生際遇內外交迫的時刻，沒有喪失意志，一蹶不振，依然精力充沛，接收著來自西方的新技術顏料，並運用在作品當中，畫裡的驚濤駭浪彷彿以自然現象暗喻著人生苦難無常，奮力求生的漁船眾人，和遠景中泰然自若的富士山，作為長生不朽的象徵，永恆自然與瞬息災難的對比，像是對自身境遇的一種隱喻，也隱約傳遞出人與自然共生，在困境中掙扎的哲理，即使身處變幻無常的紅塵浮世，依然心存永恆安定的嚮往，並在天地間努力求生。

葛飾北齋在75歲高齡時，出版繪本《富嶽百景》初編裡的跋文提到：「七十歲以前所作之畫皆無足觀；七十三歲時方悟得動植物之理。盼能活到百歲，當可臻化境，屆時每一筆每一點都將充滿生命。」
正因為有著如此豐富的人生經歷，才能催生出他多采多姿的繪畫風格，《神奈川沖浪裏》便是誕生在藝術家困頓卻充滿毅力的人生歲月裡，蘊含了江戶時代日本人對自然敬畏的複雜情感，以及在風景中感悟人生之道的深厚內涵。"
I018,C018,4,《義經十九臣》,"《義經記》的作者不詳，其具體成書年代也無法確定，一般推測完成於14世紀前後，作品內容參考了歷史素材：，源平合戰，這場12世紀末日本兩大武士勢力的內戰，起因爲皇室繼承權之爭，衍生成兩大武派爭奪政權，源義經身為日本歷史上記載的源氏名將，立下多次顯赫戰功，更是在最後的海戰擊潰平氏一族，結束了長達數十年的源平兩家戰爭，確實存在過的真實歷史，再加上文學潤飾，塑造出浪漫的悲劇英雄：武將「源義經」的傳奇一生。《義經記》對日本的藝文發展影響深遠，尤其是能劇、歌舞伎等，還有以此為主題創作的浮世繪，甚至在現代，也被翻拍成電視劇、電影。

歌川國芳的《義經十九臣》是以「大判」形式的三張圖版，拼接而成的「大判錦繪」，錦繪是指多色套印的木版畫，「大判」是浮世繪中最常見的版畫尺寸格式，一般尺寸約為39公分 × 26公分左右，相當於今日紙張B4尺寸大小，是江戶後期浮世繪最標準的商業印刷尺寸。

歌川國芳在1855年完成這系列，屬於晚年作品，此時的他，已是浮世繪中以「武者繪」備受尊敬的大師級畫師，而這個時期也是江戶時代晚期，日本即將對外開國，處於內憂外患的時期，在這樣動盪不安的氛圍裡，歌川國芳依然以歷史英雄題材來寄託家國情懷，筆下作品充滿豪邁浪漫的武士精神，也讓這一系列作品，有了更深刻的文化內涵。"
I019,C019,5,《冨嶽三十六景》系列－《甲州伊澤曉》,"《冨嶽三十六景》系列創作於1830–1832年，此套作品發行後大受好評，迅速風靡整個江戶市場，也讓葛飾北齋因此再度追加10幅，全套一共46幅。

最初發行的36幅作品，這些作品主要描繪了富士山在各種天氣、時間和地點下的景觀。被學術界稱為「表富士 （おもてふじ）」，畫作場景明亮清晰、充滿張力，構圖上常採取聚焦近景，透視法和較為強烈的動態描述。特別的是畫面中使用了大量的新顏料：普魯士藍，初版發行時甚至有幾張圖採用全版藍色印刷，被稱為「藍摺繪」，開啟了浮世繪的藍色時代。

因應市場需求而後來追加的10幅作品，則被稱為了「裏富士（うらふじ）」，這些作品的風格較為沉靜詩意，畫面中富士多以剪影、遠山或晨昏景色呈現，構圖和氣氛上呈現出更平靜內斂、詩意寫真的風格。普魯士藍的運用來到了更新的成熟階段，開始有了濃淡層次和更多的顏色過渡。

這幅《甲州伊沢暁》經典呈現出「裏富士」的特色，背光處的剪影黑影，而富士山後背景的晨曦微光，河面泛起白色光霧，晨霧與深藍夜色的漸層，熙攘人群的朝氣蓬勃，葛飾北齋營造出更悠遠深刻的繪畫意境，更鮮活的人間風景。"
I020,C020,6,《冨嶽三十六景》系列－《東海道金谷之不二》,"東海道（Tōkaidō）是日本江戶時代五大官道之一，是連接江戶（今東京）與京都之間最重要的幹道，全長約492公里，設有53個宿場町（驛站），因此常稱為「東海道五十三次」，而這條道路上的風景，也時常成為江戶時代畫師們描繪的主題。
作品名稱《東海道金谷》指的是江戶時代，位於東海道驛站之一的金谷宿，就是現在的靜岡縣島田市金谷一帶，在當時以著名的天然地理屏障聞名，也就是畫面中的「大井川」，當時的旅客往來，只能僱請「川越人足」，也就是所謂的「渡河挑夫」，協助攙扶或以「肩車」的方式，將旅人與行李貨物等扛過河，也因此非常看重氣候條件，每逢大雨，河水暴漲時，就因為危險而無法徒步過河，旅客往往會因此而被迫留在驛站的旅館滯留，等到雨停水位下降，恢復正常時，才能通行。這種特殊的渡河習慣被稱為「川留め」，也造就了岸旁旅館經濟繁榮的現象。

葛飾北齋的這幅作品裡，就寫實呈現了大井川的渡河日常盛況，畫裡人群分佈在岸邊及川水中，有扛貨物和轎子的，有抬著人的，生動的肢體動作，展現出眾人共同合作渡河的壯觀場面，在寧靜悠遠的富士山前，人類為了生活正齊心努力著，這也是江戶時代動人的人間煙火氣。"
I021,C021,7,《里見八犬傳 芳流閤之圖》,"《南總里見八犬傳》又被簡稱做《八犬傳》，是19世紀日本戲作家瀧澤馬琴（筆名：曲亭馬琴）最著名的代表作之一，他出身江戶的沒落武士家庭，寫作文風嚴謹並富含道德寓意，喜愛借鑒中國古典小說情節並融入儒家思想，在文學娛樂之餘，寄託教化意義，他一生著作豐富，擅長結合歷史傳說與想像力，一開始在1814年創作八犬傳時，以連載方式出刊，完稿於1842年，寫稿後期他還歷經雙目失明之苦，但仍靠著口述由家人代筆完成。全作耗費28年，共計98卷，106冊的戲作讀本，也就是類似中文文學裡的白話小說。

故事內容環繞著「勸善懲惡」，情節奇幻曲折，背景設定在室町時代後期的房總地區，以安房國里見家族的興亡為舞台，里見城主為了討伐敵軍煩惱，對愛犬八房戲言若能將敵首拿下，便將女兒伏姬公主賜嫁，結果八房果真成功完成使命，誰知後來伏姬為實現諾言與八房離群索居後，城主後悔追擊，於是伏姬自盡，臨終時，她身上的隨身珠串畫成八顆靈玉，飛散世間，轉生託付在日後出現的八位青年，這八人姓名皆有「犬」字，並呼應著靈珠上刻著的八德「仁、義、禮、智、忠、信、孝、悌」，他們原本素昧平生，在冥冥中卻受到伏姬之靈引導，成為里見家臣，被稱為八犬士，斬妖除魔，報恩復仇，最後平定奸邪，振興里見家族。

《八犬傳》是日本江戶時代「武家文學」與「戲作文學」的代表名作，也是日本古典文學史上最長篇的巨著。從江戶時代出版就備受喜愛與支持，小說連載期間就被改編為淨瑠璃、歌舞伎等舞台劇上演，吸引大批觀眾；浮世繪畫師們也從中汲取靈感，根據小說裡的情節，創作出許多相關版畫名場面。例如本次展覽品：歌川國貞的《里見八犬傳 芳流閤之圖》。

忠義武勇與因果報應的故事核心，直到現代的日本社會，依然引起共鳴，不論是文學、電影、動漫、連續劇等，都有不少以這套讀本為基礎架構進行改編創作的精彩作品。"
I023,C023,8,《芥子》,"《芥子》創作於1833~1834年間，屬於葛飾北齋晚年所創作的花卉圖系列之一，這一系列以花鳥為題材的版畫，以浮世繪中「橫幅大判」尺寸的錦繪工法製成，被稱作「大花圖」或「大判花鳥畫系列」，全系列共約十幅左有，每一幅都是以特寫方式描繪花朵與周圍的蝴蝶、小蟲等生物。

由於這一系列畫作的尺寸較大，構圖也採用大膽拉近的特寫聚焦方式，被認為是葛飾北齋對於浮世繪傳統花鳥畫的創新，晚年時期的他，除了兼具大半輩子累積的浮世繪傳統，更由於自身人生經歷體悟，在藝術表達上開創更多的想法，同時也更強調對於大自然真實情感的展現。"
I024,C024,9,《櫻花與富士圖》,"《櫻花與富士》是葛飾北齋在江戶時代文化元年，也就是1804年間完成的版畫作品，特別的是，它並非插畫或繪本，也不是葛飾北齋某個主題系列之一，它是一幅單獨完成的錦繪版畫，屬於「摺物」。
「摺物」是指江戶時代由私人訂製浮世繪畫師完成的限量木版畫，這類畫作的用途大多是重要節慶或親友間的聚會留念及饋贈，不提供市面流通，公開販售。《櫻花與富士》正是一件為了特定場合所作的訂製畫，是一份音樂會節目單的圖畫，背面有贊助人藤田藤次郎 (Fujita Tojiro）的名字，尺寸也不是浮世繪常見的大判橫幅，採用高級和紙印刷，主要用於委託者的社交圈內贈閱欣賞。

從私人訂製畫作品，可以看出當時創作類型廣泛的葛飾北齋，也承接私人委託訂製，參與這樣的訂製，不但讓他不受商業類版畫的盈虧限制，可以大膽運用精緻技法和高級用料創作，也反映出他的聲望，讓藝文人士與富商趨之若鶩，邀請作畫，而中年時期的葛飾北齋，也積極學習外來技法知識，與傳統日本繪畫融合，加上不限制只出版商業類版畫，而是有客訂、插畫、各種類型的創作計畫，這些經歷，都為他之後的人生創作巔峰打下了深厚基礎。"
I027,C027,10,《相馬古內裏》,"歌川國芳向來善於以三幅連續畫面構成壯觀場景，《相馬古內裏》也是大判錦繪木版畫的三連作，三張版畫相連，形成單一完整構圖，視野寬廣，極具戲劇張力。

這幅作品約創作於西元1845-46年間，當時正是江戶時代幕末，官方對風俗藝能限制嚴格的時期，禁止通俗藝術浮世繪描繪歌舞伎及戲劇場景，歌川國芳以歷史傳說題材創作，既能避開禁令，也滿足大眾們對戲劇故事的興趣，早期因為水滸傳等英雄主題，在武者繪領域頗負盛名的他，這幅《相馬古內裏》更展現了他大膽奇幻的構圖創意，既有歷史戲劇性又充滿怪奇想像的畫風，不僅反映了江戶後期社會民風對於妖怪奇譚、軍紀歷史等題材的熱情，也是在當時文化箝制環境下，藝術家巧妙求新的神來之筆。畫中巨大骷髏鬼對比渺小武士的震撼場面，也被視為對無常力量的形象化：在專制權威難以撼動的世道，民間傳說往往借助神鬼之力來映射對抗權力的想像。

除了畫風成熟外，歌川國芳在構圖考究上也相當細膩，畫中的人體骷髏形象逼真，連骨骼排列位置、形狀、數量都非常精確，如同科學圖鑑一樣的解剖畫技，超越了當時傳統日本繪畫的認知水準，這在江戶浮世繪中前所未見，應是受到西方解剖學知識的啟發，在江戶時期因為西方醫學傳入，江戶時代晚期日本已有翻譯後的解剖學經典《解體新書》，與此作品完成時間相符合，可見歌川國芳為了逼真畫作，極有可能考究過西方醫學知識，並非自己憑空想像畫出人體骨架，其實當時的賞畫群眾們，就算人骨骷髏的位置不對，也不一定能鑑別，歌川國芳卻用無聲的畫技與用心，展現出藝術家求真求好的匠人精神，以及東方浮世繪與西方科學知識結合的美好邂逅。"
I028,C028,11,《貓形東海道五十三次》,"歌川廣重的《東海道五十三次》作品風格寫實抒情，筆觸細膩柔和，不僅是浮世繪中風景畫的代表名作之一，也是江戶時代旅行文化的重要寫照，歌川國芳與他是浮世繪重要畫派「歌川派」的同門師兄弟，在1848-1850年間，以自己擅長的橫幅三聯版畫形式，也就是三張相連的「大判」尺寸版畫，創作這幅寬約78公分的畫作，用栩栩如生的貓咪動作來對應各站地名，幽默致敬了廣重的這套知名風景畫。
作品裡可以看到，畫師巧妙運用了日文裡的「雙關語音」將各個地名與貓的動作聯繫起來，為畫面增添諧趣與象徵意涵。例如，東海道起點「日本橋」（にほんばし），在日語發音裡聽起來很像「二本鰹節」（にほんだし），意思是「兩條柴魚乾」，所以畫中代表日本橋的貓，嘴裡就剛好叼著兩條柴魚乾，以此暗示該地名 ; 地名：品川的日語諧音「白顏」（しながわ／しらがお），畫中對應的白色花貓便以雪白面孔示人。畫裡的每隻貓身旁還貼有紅色長方形標籤，標示相關的站名或諧音字句註解，讓能識讀日文字的觀眾一看，便能讀懂諧音，會心一笑。
江戶時代的浮世繪師們，彼此之間極少有公開評論對方作品的情況，尤其是類似戲仿致敬的創作，大部分都會被視為友好幽默的玩味，並不會引發嚴肅的批評。國芳的這套貓咪戲作，本質上是對廣重經典名作的诙諧致敬，當時浮世繪界對此類遊戲性的可愛戲畫，是抱持著歡迎態度，也符合了浮世繪「人生短暫，輕鬆享樂」的率性。"
I029,C029,12,《名所江戶百景 夏部 大橋安宅之夕立》&《在雨中》,"1886-1887年，梵谷旅居巴黎期間接觸到日本藝術熱潮（Japonisme），開始大量收集日本浮世繪版畫，在臨摹歌川廣重的《名所江戶百景 夏部 大橋安宅之夕立》時，梵谷正處於風格轉折期：他剛脫離荷蘭時期的灰暗色調，受巴黎印象派影響，開始使用明亮色彩，此時西方傳入日本浮世繪的刺激，正好為他提供了全新的構圖與表現靈感。

縱觀兩幅描繪同樣主題的畫作，呈現出的情調仍舊略有不同，日本的歌川廣重使用的是版畫，著重於江戶風情與自然詩意：畫面裡一名船夫乘著木筏，遠處的岸上風景沒入雨中，橋上人們穿戴蓑衣，趕路躲雨，整個畫面被橋樑、河川與天空劃分為三部份，橫亙視覺的大橋，成了引導動線，而天空灰暗的降雨雲層，也使用了漸變暈染的技巧呈現層次感，畫面雖有緊張急促的人物動態，整體色彩和構圖仍給人一種經典浮世繪風景裡的寧靜與克制之美，而西方梵谷則是使用油畫，用色鮮豔明亮，筆觸更為奔放，流露出更強烈的視覺效果和情緒張力，尤其是雨滴的線條在他筆下顯得更為粗獷。

梵谷將廣重作品視為良師，通過再創作向其致敬，同時塑造出融合自身風格的新作品。用西方文化裡的繪畫語彙，重現東方原作，見證了浮世繪對印象派的深遠影響，也讓觀展者感受到一種融合東西方的獨特氛圍：既有日本美學的構圖意境，也滲透著印象派畫家的主觀情感表達。"
I001,C001,13,浮世繪,"歷經約260年的浮世繪，在明治維新後，因為攝影和媒體興起而逐漸式微，然而也因為東西文化交流，啟發更多藝術創作，在時間洪流中陪伴著世人前行，和日本社會文化緊密相扣，成為影響深遠的文化資產。而縱觀整個浮世繪歷史中，重要的傑出畫師，更像是夜空星光一樣，點亮整個浮世繪歷史，直到現代。

以寫實生動的筆觸捕捉女性神韻的喜多川歌麿，開創了著重臉部的上半身特寫主題，也就是「大首繪」，他的美人畫大首繪筆觸纖細高雅，神情生動，探究更深層的女性之美，尤其是《當世三美人》作品，奠定了美人畫在浮世繪中的地位。

才華洋溢的葛飾北齋，曾經在參加將軍德川家齊舉辦的繪畫比賽時，將一隻雞爪塗上紅漆，並追著雞在畫紙上跑，最後完成一幅描繪紅色楓葉飄在河川上的風景畫，如此創意立刻奪得比賽冠軍，他的個性也十分率性瀟灑，光是搬家就搬了90多次，名號也更改了30多次，從 1805 年開始，才正式號為：「葛飾北齋」，用過的名號還包括「畫狂老人」、「月癡老人」、「穿山甲」等，各種符合當時心境的有趣名號，每次改名，他的畫風和技法也會跟著改變，終其一生作畫長達七十年之久，作品題材多元，從早年的役者畫、美人畫、風景畫、文學插圖、漫畫..等，各種題材都相當擅長，風格多變，構圖大膽，用色鮮豔，尤其是晚年以富士山為主題的《富嶽三十六景》，更是浮世繪中知名度最高的系列作品之一。

浮世繪歌川派中有許多相當知名的傑出畫師，繼承了創辦人「豐國」名號，被稱作「第三代豐國」的歌川國貞，筆下的版畫數量超過數萬幅，堪稱浮世繪版畫作品數量第一，擅長役者畫及美人畫，筆觸工整精細，在畫歌舞伎演員時會和演員聊天對話，並從對話過程中捕捉對方神情，化為紙上生動傳神的作品，描繪的女性不同於傳統中過於理想化的美人，帶著人間煙火氣，更加打動人心。
他和當時擅長風景畫的歌川廣重，以及專精武者繪的歌川國芳，被世人稱為「幕末浮世繪三傑」。

在浮世繪悠長的歷史裡，讓人猜不透身份的神秘畫師，便是東州齋寫樂，作品特色是毫無美化過的役者繪，像是關掉美顏濾鏡的真實相機鏡頭，他將臉上的細紋、下垂和誇張表情等都毫不修飾的畫出來，新穎又直接的畫風在當時成為話題，他僅在1794年前後短暫活躍過，猶如一道璀璨彗星，短暫畫過浮世繪夜空，直到他停筆約五十年過後，才由學者考證提出，他的真實身份是一位能劇演員，畫役者繪是他在演員非演出期的副業，這個說法現今也被認為具有高度可信性，為他真實身分的爭論劃下句點。

江戶時代末期的浮世繪風景畫家歌川廣重，熱愛旅行與風景，他筆下風景清新柔和，富有詩意，尤其是他特別愛用當時傳進日本的西方顏料「普魯士藍」，成熟又富有層次感的掌握度，獲得了「廣重藍」的美名，不僅是影響日本浮世繪風景畫，更深深影響了19世紀的印象派畫家，梵谷、莫內等人都曾由他的作品中獲得靈感創作。

熱愛武者繪的歌川國芳，則是以英雄豪傑、妖怪鬼神、諷刺漫畫等，畫中時常以奇幻戲謔、充滿想像力的妖怪幽靈、怪奇人物為主，創作出許多充滿奇思妙想的主題創作，在藝術史上常被稱為「妖怪浮世繪大師」，作品常以三聯版畫構成巨型場景，氣勢滂薄，他極具想像力和故事性的畫風，對後世日本漫畫、插畫等視覺藝術影響深遠，直至現代，回看歌川國芳的作品，仍然為之撼動不已。"
I002,C002,14,浮世繪的畫家們,歷經約260年的浮世繪，在明治維新後，因為攝影和媒體興起而逐漸式微，然而也因為東西文化交流，啟發更多藝術創作，在時間洪流中陪伴著世人前行，和日本社會文化緊密相扣，成為影響深遠的文化資產。而縱觀整個浮世繪歷史中，重要的傑出畫師，更像是夜空星光一樣，點亮整個浮世繪歷史，直到現代。
I003,C003,15,畫家介紹－東州齋寫樂,在浮世繪悠長的歷史裡，讓人猜不透身份的神秘畫師，便是東州齋寫樂，作品特色是毫無美化過的役者繪，像是關掉美顏濾鏡的真實相機鏡頭，他將臉上的細紋、下垂和誇張表情等都毫不修飾的畫出來，新穎又直接的畫風在當時成為話題，他僅在1794年前後短暫活躍過，猶如一道璀璨彗星，短暫畫過浮世繪夜空，直到他停筆約五十年過後，才由學者考證提出，他的真實身份是一位能劇演員，畫役者繪是他在演員非演出期的副業，這個說法現今也被認為具有高度可信性，為他真實身分的爭論劃下句點。
I004,C004,16,畫家介紹－喜多川歌麿,以寫實生動的筆觸捕捉女性神韻的喜多川歌麿，開創了著重臉部的上半身特寫主題，也就是「大首繪」，他的美人畫大首繪筆觸纖細高雅，神情生動，探究更深層的女性之美，尤其是《當世三美人》作品，奠定了美人畫在浮世繪中的地位。
I005,C005,17,畫家介紹－歌川國貞,"浮世繪歌川派中有許多相當知名的傑出畫師，繼承了創辦人「豐國」名號，被稱作「第三代豐國」的歌川國貞，筆下的版畫數量超過數萬幅，堪稱浮世繪版畫作品數量第一，擅長役者畫及美人畫，筆觸工整精細，在畫歌舞伎演員時會和演員聊天對話，並從對話過程中捕捉對方神情，化為紙上生動傳神的作品，描繪的女性不同於傳統中過於理想化的美人，帶著人間煙火氣，更加打動人心。
他和當時擅長風景畫的歌川廣重，以及專精武者繪的歌川國芳，被世人稱為「幕末浮世繪三傑」。"
I006,C006,18,畫家介紹－歌川國芳,熱愛武者繪的歌川國芳，則是以英雄豪傑、妖怪鬼神、諷刺漫畫等，畫中時常以奇幻戲謔、充滿想像力的妖怪幽靈、怪奇人物為主，創作出許多充滿奇思妙想的主題創作，在藝術史上常被稱為「妖怪浮世繪大師」，作品常以三聯版畫構成巨型場景，氣勢滂薄，他極具想像力和故事性的畫風，對後世日本漫畫、插畫等視覺藝術影響深遠，直至現代，回看歌川國芳的作品，仍然為之撼動不已。
I007,C007,19,畫家介紹－歌川廣重,江戶時代末期的浮世繪風景畫家歌川廣重，熱愛旅行與風景，他筆下風景清新柔和，富有詩意，尤其是他特別愛用當時傳進日本的西方顏料「普魯士藍」，成熟又富有層次感的掌握度，獲得了「廣重藍」的美名，不僅是影響日本浮世繪風景畫，更深深影響了19世紀的印象派畫家，梵谷、莫內等人都曾由他的作品中獲得靈感創作。
I008,C008,20,畫家介紹－葛飾北齋,才華洋溢的葛飾北齋，曾經在參加將軍德川家齊舉辦的繪畫比賽時，將一隻雞爪塗上紅漆，並追著雞在畫紙上跑，最後完成一幅描繪紅色楓葉飄在河川上的風景畫，如此創意立刻奪得比賽冠軍，他的個性也十分率性瀟灑，光是搬家就搬了90多次，名號也更改了30多次，從 1805 年開始，才正式號為：「葛飾北齋」，用過的名號還包括「畫狂老人」、「月癡老人」、「穿山甲」等，各種符合當時心境的有趣名號，每次改名，他的畫風和技法也會跟著改變，終其一生作畫長達七十年之久，作品題材多元，從早年的役者畫、美人畫、風景畫、文學插圖、漫畫..等，各種題材都相當擅長，風格多變，構圖大膽，用色鮮豔，尤其是晚年以富士山為主題的《富嶽三十六景》，更是浮世繪中知名度最高的系列作品之一。
I009,C009,21,展區－眺,"「眺」展區是以名勝風景為主題的「名所繪」，邀請觀展者跨入浮世繪世界的大門。

在這個展區裡，有葛飾北齋以富士山為主題的《富嶽三十六景 ：江戸日本橋》，從日本橋的繁忙街景，帶領觀展者展開浮世繪旅程，橋上人潮熙攘，橋下的河面上，商船穿梭，遠處可見到象徵幕府的江戶城天守，以及聳立於天際的富士山，還有歌川廣重的《六十餘州名所圖會： 甲州犬目峠》，描繪旅人登山遠眺的富士山景，富士山逐漸從雲後顯露並被朝陽染紅，和日本橋繁華的都市景象呈現對比，以及《名所江戶百景》系列中的《大橋安宅之夕立》，描繪大雨傾盆中的鄉野驛站，和《東海道五十三次》系列，可以盡情欣賞隨著四季更迭，時間變化的日本景點。

融合了寫實觀察與詩意想像，遠眺浮世繪中的名勝風景，透過展間，江戶風景走出畫板，跨越時空，連綿延伸，營造出深邃且充滿張力的畫面空間，觀展者們彷彿一同陪伴著浮世繪大師旅行各地，眺望欣賞大師們實地寫生過的風景，沈浸體驗百年前名作誕生的相同視角。


即便浮世短暫，透過藝術大師們的筆下，天地萬物皆可永恆流傳。"
I011,C011,22,展區－麗,"「麗」展區是以女性形象為主題的「美人繪」，邀請觀展者走進落英繽紛的浮世繪花園。

在這個展區裡有喜多川歌麿以美人上半身特寫的「大首繪」，作品：《寛政三美人》，又名「當世三美人」，女人們臉上細長的眼眸和柔美神情，柔順飄落於臉龐的纖細髮絲，各自神采，又互相襯托，是浮世繪美人畫的代表作，還有歌川國貞筆下的《江戶名所百人美女》，每幅畫將江戶著名景點與一位當地美女結合呈現，美人姿態嫵媚慵懶，和服裝飾華美講究，展示女性風姿，也映照所在地的風土人情。

美人畫的精髓在於「線條」，浮世繪畫師們透過一筆筆纖細的線條，勾勒出細膩的人物輪廓，尤其是畫中女性的秀髮，猶如沉思中的眼波流轉，以及繁複華麗的衣著質感，這些精緻的筆觸，展現了即便不使用繪畫中表達陰影深淺的技巧，也能創造立體感的浮世繪畫技。

在這個由美麗花卉與女性圖像構成的展區裡，江戶美人們與背景名勝圖案交疊變換，仿佛跨越空間聚集，有的撐著油紙傘漫步，有的憑欄遠眺，浮世繪大師們筆下的畫中美人，從畫裡走出，如同穿行於江戶城內外，與觀展者們一同徜徉於柔美雅緻的視覺氛圍裡，感受著日式美學裡女性們喜悅、憤怒、悲傷與幸福等各種情緒。


在繁花盛開之時，走進浮生若夢，領略和風優雅之美。"
I013,C013,23,展區－瀧,"「瀧」展區是以水之風景為主題的「名所繪」，邀請觀展者感受日本名勝瀑布的磅礴壯麗。

在這個展區裡有歌川國芳的《文覺上人荒行之圖》，描繪僧人在傾盆而下的瀑布中，合掌修行，以震撼人心的瀑布場景，創作出具戲劇張力的風景畫。在他的筆下，瀑布不僅是自然風景，更是考驗人心意志的天然舞台。

還有葛飾北齋的《各省瀑布巡遊》，收錄了日本八大瀑布名勝，是浮世繪史上第一套專門描繪瀑布主題的作品，也是將繪畫題材從人物擴大到山水風景，奠定風景版畫領域的名作，作品中以垂直大幅構圖呈現瀑布雄姿，大量使用「紺青」等藍色新顔料，也就是所謂的「普魯士藍」，搭配對比的黃色、棕色和綠色，描繪峭壁森林與奔流水勢，以強調各瀑布的獨特美感，更突顯出水的厚度與動態，瀑布往往佔據畫面主要部分，襯托出大自然的壯麗與人的渺小，營造出猶如千軍萬馬奔騰的立體動感，與之相對的，是歌川廣重的《音無川瀑布》，描繪瀑布層疊的水流自高處流下，一旁有遊客賞景。強調水流的清澈與都市綠意，營造江戶時代都市自然交融氛圍。描繪著寫實淡雅，柔美色澤描繪出水流光影和周遭環境細節，呈現出清涼視覺感的恬靜之美，與葛飾北齋的瀑布畫風，形成了剛柔對比，相映成趣，展現江戶時代浮世繪多元的風景美學。


原本無情的自然山水，在浮世繪大師畫筆下，透過深淺不一的藍色調，水的流動與形態有了萬千風情。

在浮世繪裡的瀑布裡，感受心靈的震撼與平靜。"
I014,C014,24,展區－藍,"「藍」展區是以海洋為共同主題的風景畫「名所繪」、和描繪英雄人物的「武者繪」，邀請觀展者沈浸在如浩瀚海洋般的「普魯士藍」魅力裡，感受浮世繪中，河川江海的奇幻神秘。

有別於19世紀以前浮世繪裡常用的「日本藍」，也就是較為柔和的靛藍色顏料，19世紀後西方新顏料「普魯士藍」，也就是鮮艷明亮的「紺青」，傳入日本後，讓浮世繪進入了「藍色時代」，在這個展區裡有葛飾北齋的《富嶽三十六景》中的《神奈川沖浪裏》，描繪翻湧巨浪吞噬漁船的驚險場面，湛藍波濤與白色浪花彷彿要將人一同捲入海中，遠方的富士山，則襯托出廣闊無邊的海洋，歌川國芳的《宮本武藏鯨退治》，描繪劍豪宮本武藏在怒海浪濤中與巨大鯨魚搏鬥的場景，以及充滿神話想像的《大鵬與海老》，描繪大鵬鳥和海中龍蝦互相對峙的戲劇性場景，鮮艷的橘色龍蝦與藍色海洋，讓視覺的色彩對比效果更加鮮明。

還有歌川廣重的《名所江戶百景》系列中的《大橋安宅之夕立》，描繪傾盆大雨中的江戶大橋，橋下川水的漣漪和密集雨點，映照出水天一色的灰藍朦朧，最後《六十餘州名所圖會》系列的《阿波鳴門之風波》作品，描繪了日本鳴門海峽的漩渦景象，畫面中碧藍海水旋轉翻滾，化成一圈圈白沫漩渦，象徵江河入海的激流交匯，回歸「藍」展區主題的浩瀚海洋。

藉著影像體驗，讓浮世繪大海江河的各種面貌，藉著深淺不一的靛藍濃墨，帶領觀展者一同潛入畫師們筆下的海洋宇宙。

在浮世繪的雨景和海洋中，看見「藍色，是最溫暖的顏色。」"
I016,C016,25,展區－錦,"「錦」展區是以江戶時代歌舞伎演員肖像為主題的「役者繪」，邀請觀展者近距離欣賞當代舞台的戲子風情。

在這個展區專門展出東洲齋寫樂以人物的頭部和上半身為主要描繪主題的「大首繪」，他是浮世繪歷史中獨樹一幟的肖像畫大師，僅僅短暫活躍10個月左右，推出所有作品後便消聲匿跡，像是浮世繪中短暫畫過卻令人印象深刻的流星，作品擅長於掌握人物角色的戲劇性與真實感，強調當時舞台演員們的近身特寫，聚焦在描繪臉部五官表情和特徵，例如：上吊的眼角、鷹鉤鼻、緊緊抿住的大嘴唇等，以細膩筆觸展現演員們在戲劇裡具爆發力的演出表情、動作，刻畫出角色性格中獨具個性特色的一面，又保留了寫實的細節，和柔美的傳統美人畫形成了鮮明的對比，讓觀展者留下強烈的視覺衝擊，也對後來的寫實主義版畫影響深遠。

歌舞伎舞台上演員角色繁多，都極具特色，「錦」展區裡的畫作角色，有傳奇故事裡的反派角色，還有專放高利貸的壞人，和威嚴的審判官，以及男扮女裝為父親報仇的反串角色，每一位扮演劇中角色的演員，在東州齋寫樂的畫筆下，都按照著劇情設定和演員表情扮相，鮮活的躍然畫上。

傳神生動的演員扮相，加上浮世繪多色套印木版畫的「錦繪」技術，讓畫面色彩更加繽紛，如同錦緞般華美精緻，透過展區裡的動畫及光雕投影，成為了動態影像，重現當年江戶舞台的氣氛。

在華麗的江戶歌舞伎舞台，看見時代戲劇中的傳統之美。"
I017,C017,26,展區－游,"「游」展區是以「玩樂浮世繪」和「作品展示」為主題，聚集了浮世繪裡的各種主題，重現江戶時代的遊樂風情，邀請觀展者近距離欣賞真跡及復刻版畫，體驗互動江戶庶民的遊戲設施。

不同於之前展區以光影投射為主的方式，在這個展區裡會展出多件浮世繪真跡和復刻作品，有東洲齋寫樂代表性的「大首繪」，描繪出歌舞伎演員的近距離特寫，演員們獨具特色的角色形象，透過誇張傳神的臉部表情和肢體動作，在畫師的細緻筆觸下，觀展者彷彿就在戲台前，一同欣賞台上演員們的風采 ;  有喜多川歌麿的「美人繪」，優雅流暢的線條與柔和淡雅色彩，描繪江戶美女們的神態和衣著，讓觀展者就像置身畫中，與美人們一同漫步 ;  還有葛飾北齋與歌川廣重的「名所繪」，一幅幅風景版畫，經典重現百年前日本自然風光 ;  還有歌川國芳的「武者繪」，刻畫歷史與文學中的武士豪傑們，帶領觀展者一同深入戰場，感受氣勢滂薄的傳奇場景。

除了沈浸式的感官靜態欣賞，還有和浮世繪一起玩拼圖的動態互動，浮世繪畫師們用玩心創作了欺騙眼睛的「遊戲畫」與「戲畫」，例如：歌川國芳的趣味浮世繪中，以多位動作不同的男性，組合成一張人臉，如此令人驚喜的幽默感，讓觀展者能以觸碰方式、拼圖組合成隱藏圖畫，體驗江戶時代的趣味創意和玩樂心情。

動起來的浮世繪，邀請觀展者一同體驗江戶時代市井小民們的遊樂文化。"
I022,C022,27,展區－彩,"「彩」展區是以花卉、飛鳥、風月等自然景物為主題的「花鳥畫」，在色彩繽紛流轉的獨特風景中，窺見春、夏、秋、冬等四季景觀之美，邀請觀展者體會多位浮世繪大師們，以畫筆表達季節變換，萬物生生不息的自然色彩魅力。

在這個展區裡有葛飾北齊不同於其他浮世繪畫師，特別放大花卉的近距離取景手法的花鳥畫作、還有東洲齋寫樂以帶著滑稽感，誇張戲劇化描繪歌舞伎演員表情、姿勢的「大首繪」、以及名師輩出的「歌川派」多位畫家們優美細膩的花鳥畫。

在光影投射裡，觀展者可以欣賞到各式各樣圍繞著自然萬象，季節草木、飛禽走獸等相關的主題作品，例如：春天最具代表性的櫻花，和盛開的牡丹與蝴蝶，代表著春日裡萬物復甦的景象 ;  夏季的紫藤花、鳶尾花以及茂盛綠葉，代表著夏天的生機蓬勃 ;  秋天的鮮紅楓葉，金黃秋菊等，傳遞秋日色彩的華麗濃重 ;  冬季的清冷梅花，寂寥竹林等，和大量留白的雪景，揮灑出冬季的冷傲孤寂。

浮世繪畫師們，以鮮艷飽滿的色彩，點亮季節，成就筆下美麗的風景，透過展覽現代數位投影技術，更加強化了色彩的純度和明亮感，完整表現出「彩」展區猶如萬花筒世界的繽紛絢爛，讓觀展者在影像中感受浮世繪的日本美學色彩與季節之美。

走進日本萬物共生，百花齊放的時光流轉，感受浮世繪裡，如詩如畫的四季物語。"
I025,C025,28,展區－豪,"「豪」展區是展現日本豪邁氣魄主題的展區，有描繪著傳奇英雄武士的「武者繪」，和相撲力士互相競技的「相撲繪」，還結合了充滿神祕色彩的妖怪鬼神題材，邀請觀展者感受來自霸氣豪傑們與奇幻故事融合的戲劇張力。

在這個展區裡有浮世繪裡當時最受歡迎的「歌川派」大師們的 作品，例如：歌川國芳取材自小說《水滸傳》的《通俗水滸傳豪傑百八人》系列作品，畫中的英雄們常有大面積的藍色刺青，神態刻畫的動感剛烈，魄力十足，還有承襲師父藝名，也被稱作「第三代歌川豐國」的歌川國貞，他的《豐國揮毫奇術競》系列，以結合神鬼、妖怪、幻術的武士題材，呈現出色彩華麗又精彩怪誕的奇幻場景，充滿了引人入勝的超自然魅力，和天馬行空的想像力。

在豪展區裡的歌川國貞系列，則是歌舞伎劇目裡的「鳴神上人」故事，來源自日本的雷神傳說，傳說僧人因為不滿朝廷，而將雷神封印，結果導致旱災，後來被公主設計灌酒，醉酒後放出了龍神，但酒醒後，這位僧人卻惱羞成怒，於是化身雷神大鬧復仇，展區以動畫方式呈現出這位掌控雷雨的僧人，怒髮沖冠，揮手施法，捲起火焰與雷電，在雷鳴閃電與狂焰四起之中，朝廷武士們奮勇反抗，壯烈英姿充滿生命力，猶如神祇，讓人肅然起敬。
與英雄豪傑和傳奇人物們，踏足故事裡的刀光劍影，在雷電烈火中，一同展現豪情壯志。"
I026,C026,29,展區－雅,"「雅」展區是本次展覽的最終章，再次呈現日本傳統美學中的「花鳥風月」和富士山為主題的經典畫作，邀請觀展者們從日本藝術最具代表性的景色中，細細品味浮世繪日式美學的優雅韻味。

在展區裡有歌川廣重的《名所江戶百景》系列裡的季節景色，記錄江戶市民生活與四時風物，利用留白和柔和的色調，營造自然氛圍，表現季節變化與大氣之美，歌川廣重的風景畫，也經常搭配日本文學中的狂歌與俳句，觀展者除了可以看到江戶時代各地名勝在不同時間的呈現，更能彷彿身處詩情畫意的書本字畫中一樣，感受畫家將轉瞬即逝的四季美景，凝聚停留在畫作裡，帶給世人對自然風雅的無盡嚮往。

壓軸的還有葛飾北齋以日本聖山：富士山為主題的《富嶽三十六景之神奈川巨浪》，又稱《神奈川沖浪裏》，是浮世繪中最具代表性的風景畫之一，不對稱的大膽構圖呈現出弧形巨浪的強烈動感，波濤翻湧卷向船隻，遠處的富士山穩坐不動，展現出大自然力量與人類的對比，以及著名的紅富士《凱風快晴》，描繪清晨時的富士山，在曙光映照下被染成了朱紅色，周圍雲氣繚繞，氛圍安穩寧靜，展現神山莊嚴肅穆之美，以及日本人對自然的崇高敬意。


浮世繪是江戶時代最具代表的平民文化藝術，隨著文化傳遞和時間演變，影響東西文化甚遠，本次展覽讓浮世繪動起來，透過光影投射，讓看展者全身心沈浸在浮世繪橫跨古今的藝術內涵與感性魅力，貼近日本美麗的藝術世界。"